PLAYER,NUMERO,FTM,FTA,2PM,2PA,3PM,3PA,RO,RD,PP,PR,AST,ST,FF,FS,+/-,MIN,PTS,FGM,FGA,FG%,FT%,2P%,3P%,RT,game,POS,HEIGHT,Age
Alessandro Arisi,21.0,3.0,4.0,4.0,9.0,0.0,0.0,1.0,3.0,1.0,0.0,0.0,0.0,3.0,2.0,7.0,0 days 00:15:20,11.0,4.0,9.0,44.44444444444444,75.0,44.44444444444444,,4.0,1,5.0,193.0,25.0
Alessandro Contardi,9.0,1.0,2.0,3.0,5.0,0.0,0.0,0.0,1.0,2.0,1.0,0.0,0.0,3.0,1.0,6.0,0 days 00:11:44,7.0,3.0,5.0,60.0,50.0,60.0,,1.0,1,3.0,190.0,28.0
Andrea Pasqualini,18.0,0.0,0.0,1.0,5.0,1.0,2.0,2.0,1.0,0.0,1.0,3.0,0.0,3.0,0.0,-10.0,0 days 00:17:00,5.0,2.0,7.0,28.57142857142857,,20.0,50.0,3.0,1,2.0,183.0,32.0
Carlo Zucca,11.0,1.0,2.0,4.0,9.0,0.0,0.0,1.0,5.0,2.0,1.0,5.0,0.0,2.0,6.0,-3.0,0 days 00:35:23,9.0,4.0,9.0,44.44444444444444,50.0,44.44444444444444,,6.0,1,1.0,182.0,25.0
Emanuele Pedriali,33.0,0.0,0.0,0.0,0.0,0.0,0.0,0.0,0.0,0.0,0.0,0.0,0.0,0.0,0.0,0.0,0 days 00:00:00,0.0,0.0,0.0,,,,,0.0,1,1.0,175.0,19.0
Giovanni Valentini,6.0,6.0,8.0,1.0,8.0,1.0,4.0,2.0,2.0,1.0,1.0,2.0,0.0,2.0,5.0,-2.0,0 days 00:28:59,11.0,2.0,12.0,16.666666666666664,75.0,12.5,25.0,4.0,1,3.0,187.0,26.0
Giuseppe Saggese,12.0,0.0,0.0,1.0,3.0,0.0,0.0,0.0,2.0,1.0,0.0,0.0,0.0,4.0,0.0,-2.0,0 days 00:10:14,2.0,1.0,3.0,33.33333333333333,,33.33333333333333,,2.0,1,5.0,202.0,21.0
Ivan Petix,10.0,2.0,2.0,0.0,3.0,0.0,1.0,1.0,0.0,0.0,1.0,0.0,0.0,2.0,1.0,-9.0,0 days 00:13:25,2.0,0.0,4.0,0.0,100.0,0.0,0.0,1.0,1,4.0,195.0,19.0
Luca Viscardi,14.0,0.0,0.0,2.0,6.0,0.0,0.0,1.0,4.0,2.0,0.0,2.0,0.0,4.0,1.0,-14.0,0 days 00:20:12,4.0,2.0,6.0,33.33333333333333,,33.33333333333333,,5.0,1,5.0,195.0,21.0
Luigi De Bellis,16.0,0.0,0.0,0.0,1.0,3.0,10.0,1.0,2.0,2.0,1.0,0.0,0.0,0.0,1.0,-22.0,0 days 00:20:26,9.0,3.0,11.0,27.27272727272727,,0.0,30.0,3.0,1,2.0,183.0,40.0
Marco Guerci,4.0,2.0,2.0,0.0,0.0,0.0,0.0,2.0,1.0,1.0,0.0,2.0,0.0,3.0,2.0,0.0,0 days 00:06:17,2.0,0.0,0.0,,100.0,,,3.0,1,1.0,180.0,22.0
Niccolò Favretto,24.0,1.0,2.0,3.0,5.0,0.0,0.0,1.0,6.0,1.0,0.0,1.0,0.0,5.0,2.0,9.0,0 days 00:21:00,7.0,3.0,5.0,60.0,50.0,60.0,,7.0,1,2.0,184.0,23.0
Alessandro Arisi,21.0,0.0,0.0,0.0,0.0,0.0,0.0,0.0,3.0,1.0,0.0,0.0,0.0,1.0,0.0,-3.0,0 days 00:07:56,0.0,0.0,0.0,,,,,3.0,2,5.0,193.0,25.0
Alessandro Contardi,9.0,0.0,2.0,4.0,9.0,0.0,0.0,1.0,1.0,2.0,0.0,0.0,0.0,2.0,2.0,22.0,0 days 00:29:01,8.0,4.0,9.0,44.44444444444444,0.0,44.44444444444444,,2.0,2,3.0,190.0,28.0
Andrea Pasqualini,18.0,0.0,0.0,2.0,4.0,1.0,1.0,0.0,0.0,0.0,3.0,2.0,0.0,0.0,0.0,24.0,0 days 00:22:44,7.0,3.0,5.0,60.0,,50.0,100.0,0.0,2,2.0,183.0,32.0
Carlo Zucca,11.0,5.0,6.0,4.0,6.0,1.0,1.0,2.0,10.0,2.0,1.0,5.0,1.0,2.0,4.0,19.0,0 days 00:29:06,16.0,5.0,7.0,71.42857142857143,83.33333333333334,66.66666666666666,100.0,12.0,2,1.0,182.0,25.0
Emanuele Pedriali,33.0,0.0,0.0,1.0,1.0,0.0,0.0,0.0,0.0,0.0,0.0,1.0,0.0,2.0,0.0,1.0,0 days 00:05:32,2.0,1.0,1.0,100.0,,100.0,,0.0,2,1.0,175.0,19.0
Giovanni Valentini,6.0,2.0,3.0,1.0,6.0,1.0,3.0,0.0,1.0,1.0,1.0,3.0,0.0,0.0,2.0,16.0,0 days 00:18:07,7.0,2.0,9.0,22.22222222222222,66.66666666666666,16.666666666666664,33.33333333333333,1.0,2,3.0,187.0,26.0
Giuseppe Saggese,12.0,0.0,0.0,1.0,3.0,0.0,0.0,3.0,1.0,0.0,0.0,0.0,0.0,1.0,1.0,0.0,0 days 00:09:15,2.0,1.0,3.0,33.33333333333333,,33.33333333333333,,4.0,2,5.0,202.0,21.0
Ivan Petix,10.0,0.0,0.0,3.0,6.0,1.0,1.0,0.0,3.0,1.0,0.0,1.0,1.0,1.0,1.0,-4.0,0 days 00:13:47,9.0,4.0,7.0,57.14285714285714,,50.0,100.0,3.0,2,4.0,195.0,19.0
Jacopo Filippini,5.0,0.0,0.0,0.0,0.0,0.0,0.0,0.0,0.0,0.0,0.0,0.0,0.0,0.0,0.0,0.0,0 days 00:00:00,0.0,0.0,0.0,,,,,0.0,2,2.0,175.0,18.0
Marco Guerci,4.0,1.0,2.0,0.0,1.0,1.0,1.0,1.0,3.0,1.0,0.0,1.0,0.0,0.0,2.0,-1.0,0 days 00:10:56,4.0,1.0,2.0,50.0,50.0,0.0,100.0,4.0,2,1.0,180.0,22.0
Niccolò Favretto,24.0,0.0,0.0,2.0,5.0,0.0,0.0,0.0,2.0,3.0,2.0,3.0,0.0,1.0,0.0,11.0,0 days 00:31:15,4.0,2.0,5.0,40.0,,40.0,,2.0,2,2.0,184.0,23.0
Luca Viscardi,14.0,0.0,0.0,5.0,9.0,0.0,0.0,3.0,4.0,2.0,0.0,2.0,0.0,2.0,1.0,25.0,0 days 00:22:56,10.0,5.0,9.0,55.55555555555556,,55.55555555555556,,7.0,2,5.0,195.0,21.0
Alessandro Arisi,21.0,2.0,4.0,3.0,5.0,0.0,0.0,0.0,0.0,1.0,2.0,1.0,0.0,1.0,2.0,2.0,0 days 00:11:38,8.0,3.0,5.0,60.0,50.0,60.0,,0.0,3,5.0,193.0,25.0
Alessandro Contardi,9.0,0.0,0.0,2.0,9.0,0.0,1.0,1.0,3.0,1.0,0.0,1.0,1.0,2.0,1.0,-2.0,0 days 00:14:20,4.0,2.0,10.0,20.0,,22.22222222222222,0.0,4.0,3,3.0,190.0,28.0
Carlo Zucca,11.0,3.0,3.0,0.0,3.0,1.0,1.0,1.0,2.0,2.0,1.0,7.0,0.0,3.0,4.0,8.0,0 days 00:24:15,6.0,1.0,4.0,25.0,100.0,0.0,100.0,3.0,3,1.0,182.0,25.0
Emanuele Pedriali,33.0,0.0,0.0,1.0,1.0,0.0,0.0,0.0,0.0,2.0,0.0,5.0,0.0,1.0,0.0,0.0,0 days 00:09:12,2.0,1.0,1.0,100.0,,100.0,,0.0,3,1.0,175.0,19.0
Giovanni Valentini,6.0,0.0,0.0,5.0,7.0,0.0,0.0,0.0,3.0,3.0,1.0,0.0,0.0,0.0,1.0,5.0,0 days 00:29:05,10.0,5.0,7.0,71.42857142857143,,71.42857142857143,,3.0,3,3.0,187.0,26.0
Giuseppe Saggese,12.0,0.0,0.0,0.0,0.0,0.0,0.0,0.0,1.0,1.0,0.0,0.0,0.0,0.0,0.0,-4.0,0 days 00:05:45,0.0,0.0,0.0,,,,,1.0,3,5.0,202.0,21.0
Ivan Petix,10.0,0.0,0.0,1.0,8.0,0.0,0.0,0.0,10.0,0.0,0.0,0.0,2.0,1.0,4.0,3.0,0 days 00:24:57,2.0,1.0,8.0,12.5,,12.5,,10.0,3,4.0,195.0,19.0
Luigi De Bellis,16.0,2.0,2.0,0.0,0.0,1.0,3.0,0.0,0.0,0.0,0.0,1.0,0.0,0.0,0.0,8.0,0 days 00:15:25,5.0,1.0,3.0,33.33333333333333,100.0,,33.33333333333333,0.0,3,2.0,183.0,40.0
Marco Guerci,4.0,0.0,0.0,1.0,3.0,0.0,0.0,1.0,0.0,0.0,0.0,0.0,0.0,0.0,1.0,-4.0,0 days 00:06:33,2.0,1.0,3.0,33.33333333333333,,33.33333333333333,,1.0,3,1.0,180.0,22.0
Niccolò Favretto,24.0,2.0,4.0,1.0,5.0,0.0,0.0,0.0,1.0,1.0,2.0,3.0,0.0,1.0,2.0,-4.0,0 days 00:24:35,4.0,1.0,5.0,20.0,50.0,20.0,,1.0,3,2.0,184.0,23.0
Riccardo Palumbo,,3.0,4.0,2.0,4.0,0.0,0.0,0.0,3.0,0.0,0.0,1.0,1.0,1.0,2.0,1.0,0 days 00:14:49,7.0,2.0,4.0,50.0,75.0,50.0,,3.0,3,4.0,190.0,30.0
Luca Viscardi,14.0,1.0,2.0,5.0,7.0,0.0,0.0,0.0,6.0,0.0,0.0,0.0,0.0,4.0,1.0,7.0,0 days 00:19:26,11.0,5.0,7.0,71.42857142857143,50.0,71.42857142857143,,6.0,3,5.0,195.0,21.0
Alessandro Contardi,9.0,0.0,0.0,4.0,6.0,0.0,1.0,0.0,1.0,3.0,0.0,0.0,0.0,2.0,0.0,-17.0,0 days 00:15:49,8.0,4.0,7.0,57.14285714285714,,66.66666666666666,0.0,1.0,4,3.0,190.0,28.0
Andrea Pasqualini,18.0,0.0,0.0,0.0,0.0,0.0,0.0,0.0,0.0,0.0,0.0,0.0,0.0,0.0,0.0,0.0,0 days 00:00:00,0.0,0.0,0.0,,,,,0.0,4,2.0,183.0,32.0
Carlo Zucca,11.0,4.0,8.0,5.0,10.0,0.0,1.0,1.0,8.0,4.0,3.0,4.0,0.0,1.0,5.0,-11.0,0 days 00:34:35,14.0,5.0,11.0,45.45454545454545,50.0,50.0,0.0,9.0,4,1.0,182.0,25.0
Emanuele Pedriali,33.0,0.0,0.0,0.0,0.0,0.0,0.0,0.0,0.0,0.0,0.0,1.0,0.0,0.0,0.0,-1.0,0 days 00:02:54,0.0,0.0,0.0,,,,,0.0,4,1.0,175.0,19.0
Giovanni Valentini,6.0,0.0,0.0,0.0,2.0,0.0,2.0,0.0,1.0,2.0,0.0,1.0,0.0,0.0,1.0,-5.0,0 days 00:13:45,0.0,0.0,4.0,0.0,,0.0,0.0,1.0,4,3.0,187.0,26.0
Ivan Petix,10.0,1.0,2.0,2.0,8.0,0.0,0.0,1.0,0.0,0.0,3.0,0.0,1.0,0.0,3.0,-5.0,0 days 00:16:46,5.0,2.0,8.0,25.0,50.0,25.0,,1.0,4,4.0,195.0,19.0
Luca Viscardi,14.0,2.0,2.0,4.0,8.0,0.0,0.0,2.0,6.0,3.0,0.0,0.0,2.0,2.0,1.0,-7.0,0 days 00:22:50,10.0,4.0,8.0,50.0,100.0,50.0,,8.0,4,5.0,195.0,21.0
Luigi De Bellis,16.0,2.0,2.0,0.0,1.0,0.0,3.0,0.0,1.0,0.0,1.0,1.0,0.0,3.0,1.0,-2.0,0 days 00:11:00,2.0,0.0,4.0,0.0,100.0,0.0,0.0,1.0,4,2.0,183.0,40.0
Marco Guerci,4.0,0.0,0.0,1.0,2.0,1.0,2.0,0.0,2.0,3.0,1.0,1.0,0.0,2.0,0.0,-4.0,0 days 00:20:46,5.0,2.0,4.0,50.0,,50.0,50.0,2.0,4,1.0,180.0,22.0
Niccolò Favretto,24.0,0.0,0.0,2.0,6.0,0.0,0.0,0.0,2.0,1.0,1.0,0.0,0.0,1.0,1.0,-18.0,0 days 00:25:19,4.0,2.0,6.0,33.33333333333333,,33.33333333333333,,2.0,4,2.0,184.0,23.0
Riccardo Palumbo,,2.0,2.0,0.0,3.0,0.0,1.0,0.0,0.0,2.0,1.0,0.0,1.0,1.0,1.0,-2.0,0 days 00:08:19,2.0,0.0,4.0,0.0,100.0,0.0,0.0,0.0,4,4.0,190.0,30.0
Stefano Zanlucchi,,2.0,2.0,0.0,3.0,0.0,1.0,1.0,7.0,3.0,1.0,2.0,2.0,4.0,4.0,-13.0,0 days 00:27:57,2.0,0.0,4.0,0.0,100.0,0.0,0.0,8.0,4,4.0,192.0,34.0
Alessandro Arisi,21.0,1.0,1.0,7.0,9.0,0.0,0.0,2.0,5.0,2.0,0.0,0.0,0.0,4.0,3.0,1.0,0 days 00:19:21,15.0,7.0,9.0,77.77777777777779,100.0,77.77777777777779,,7.0,5,5.0,193.0,25.0
Alessandro Contardi,9.0,1.0,2.0,0.0,2.0,0.0,2.0,0.0,2.0,0.0,0.0,0.0,0.0,1.0,2.0,-19.0,0 days 00:08:29,1.0,0.0,4.0,0.0,50.0,0.0,0.0,2.0,5,3.0,190.0,28.0
Andrea Pasqualini,18.0,0.0,0.0,1.0,4.0,0.0,2.0,0.0,0.0,0.0,0.0,1.0,0.0,3.0,0.0,-6.0,0 days 00:13:50,2.0,1.0,6.0,16.666666666666664,,25.0,0.0,0.0,5,2.0,183.0,32.0
Giovanni Valentini,6.0,0.0,0.0,2.0,5.0,0.0,3.0,0.0,1.0,3.0,2.0,3.0,0.0,3.0,3.0,-9.0,0 days 00:22:43,4.0,2.0,8.0,25.0,,40.0,0.0,1.0,5,3.0,187.0,26.0
Ivan Petix,10.0,1.0,3.0,1.0,2.0,0.0,1.0,0.0,3.0,0.0,2.0,0.0,1.0,0.0,3.0,1.0,0 days 00:10:48,3.0,1.0,3.0,33.33333333333333,33.33333333333333,50.0,0.0,3.0,5,4.0,195.0,19.0
Jacopo Filippini,5.0,0.0,0.0,0.0,0.0,0.0,0.0,0.0,0.0,0.0,0.0,0.0,0.0,0.0,0.0,0.0,0 days 00:00:00,0.0,0.0,0.0,,,,,0.0,5,2.0,175.0,18.0
Luca Viscardi,14.0,0.0,0.0,4.0,9.0,0.0,0.0,4.0,4.0,0.0,1.0,0.0,0.0,5.0,0.0,-2.0,0 days 00:20:20,8.0,4.0,9.0,44.44444444444444,,44.44444444444444,,8.0,5,5.0,195.0,21.0
Luigi De Bellis,16.0,2.0,3.0,0.0,1.0,0.0,2.0,1.0,2.0,1.0,0.0,0.0,0.0,1.0,2.0,-6.0,0 days 00:13:48,2.0,0.0,3.0,0.0,66.66666666666666,0.0,0.0,3.0,5,2.0,183.0,40.0
Marco Guerci,4.0,0.0,0.0,1.0,2.0,1.0,4.0,0.0,3.0,1.0,2.0,5.0,0.0,0.0,1.0,-15.0,0 days 00:33:25,5.0,2.0,6.0,33.33333333333333,,50.0,25.0,3.0,5,1.0,180.0,22.0
Niccolò Favretto,24.0,3.0,7.0,3.0,7.0,0.0,2.0,1.0,0.0,5.0,1.0,3.0,0.0,2.0,5.0,-14.0,0 days 00:26:11,9.0,3.0,9.0,33.33333333333333,42.857142857142854,42.857142857142854,0.0,1.0,5,2.0,184.0,23.0
Riccardo Palumbo,,0.0,0.0,2.0,5.0,0.0,1.0,0.0,3.0,1.0,1.0,0.0,0.0,2.0,0.0,1.0,0 days 00:14:14,4.0,2.0,6.0,33.33333333333333,,40.0,0.0,3.0,5,4.0,190.0,30.0
Stefano Zanlucchi,,0.0,0.0,0.0,3.0,0.0,0.0,3.0,4.0,1.0,0.0,0.0,0.0,1.0,1.0,-32.0,0 days 00:16:51,0.0,0.0,3.0,0.0,,0.0,,7.0,5,4.0,192.0,34.0
Alessandro Arisi,21.0,0.0,1.0,1.0,8.0,0.0,0.0,0.0,5.0,1.0,3.0,0.0,0.0,1.0,1.0,1.0,0 days 00:17:07,2.0,1.0,8.0,12.5,0.0,12.5,,5.0,6,5.0,193.0,25.0
Andrea Pasqualini,18.0,2.0,2.0,1.0,5.0,0.0,2.0,0.0,2.0,0.0,0.0,2.0,0.0,4.0,2.0,23.0,0 days 00:22:16,4.0,1.0,7.0,14.285714285714285,100.0,20.0,0.0,2.0,6,2.0,183.0,32.0
Emanuele Pedriali,33.0,0.0,0.0,0.0,2.0,0.0,1.0,0.0,1.0,0.0,2.0,1.0,0.0,1.0,0.0,-14.0,0 days 00:09:43,0.0,0.0,3.0,0.0,,0.0,0.0,1.0,6,1.0,175.0,19.0
Giovanni Valentini,6.0,1.0,2.0,4.0,10.0,0.0,1.0,4.0,4.0,1.0,0.0,2.0,0.0,0.0,2.0,0.0,0 days 00:20:36,9.0,4.0,11.0,36.36363636363637,50.0,40.0,0.0,8.0,6,3.0,187.0,26.0
Ivan Petix,10.0,0.0,2.0,4.0,10.0,0.0,0.0,5.0,11.0,0.0,1.0,1.0,0.0,1.0,2.0,11.0,0 days 00:25:05,8.0,4.0,10.0,40.0,0.0,40.0,,16.0,6,4.0,195.0,19.0
Jacopo Filippini,5.0,0.0,0.0,0.0,0.0,0.0,0.0,0.0,0.0,0.0,0.0,0.0,0.0,0.0,0.0,0.0,0 days 00:00:00,0.0,0.0,0.0,,,,,0.0,6,2.0,175.0,18.0
Luca Viscardi,14.0,3.0,4.0,5.0,11.0,0.0,0.0,2.0,6.0,0.0,0.0,0.0,1.0,4.0,2.0,23.0,0 days 00:21:52,13.0,5.0,11.0,45.45454545454545,75.0,45.45454545454545,,8.0,6,5.0,195.0,21.0
Luigi De Bellis,16.0,0.0,0.0,1.0,3.0,2.0,6.0,0.0,3.0,1.0,2.0,2.0,0.0,1.0,1.0,-6.0,0 days 00:18:37,8.0,3.0,9.0,33.33333333333333,,33.33333333333333,33.33333333333333,3.0,6,2.0,183.0,40.0
Marco Guerci,4.0,0.0,0.0,2.0,5.0,2.0,5.0,0.0,5.0,0.0,2.0,3.0,0.0,3.0,2.0,36.0,0 days 00:28:20,10.0,4.0,10.0,40.0,,40.0,40.0,5.0,6,1.0,180.0,22.0
Niccolò Favretto,24.0,4.0,6.0,6.0,11.0,0.0,0.0,2.0,3.0,3.0,1.0,8.0,2.0,0.0,4.0,26.0,0 days 00:25:30,16.0,6.0,11.0,54.54545454545454,66.66666666666666,54.54545454545454,,5.0,6,2.0,184.0,23.0
Riccardo Palumbo,,0.0,0.0,2.0,2.0,0.0,1.0,1.0,2.0,4.0,0.0,0.0,0.0,3.0,0.0,-10.0,0 days 00:10:54,4.0,2.0,3.0,66.66666666666666,,100.0,0.0,3.0,6,4.0,190.0,30.0
Alessandro Arisi,21.0,1.0,3.0,4.0,7.0,0.0,0.0,2.0,2.0,0.0,1.0,0.0,0.0,2.0,3.0,-7.0,0 days 00:12:44,9.0,4.0,7.0,57.14285714285714,33.33333333333333,57.14285714285714,,4.0,7,5.0,193.0,25.0
Alessandro Contardi,9.0,0.0,0.0,1.0,4.0,0.0,0.0,0.0,0.0,0.0,0.0,0.0,0.0,0.0,0.0,-14.0,0 days 00:09:48,2.0,1.0,4.0,25.0,,25.0,,0.0,7,3.0,190.0,28.0
Andrea Pasqualini,18.0,0.0,0.0,1.0,4.0,0.0,2.0,2.0,2.0,0.0,1.0,5.0,0.0,0.0,1.0,-6.0,0 days 00:20:08,2.0,1.0,6.0,16.666666666666664,,25.0,0.0,4.0,7,2.0,183.0,32.0
Carlo Zucca,11.0,0.0,2.0,0.0,5.0,0.0,3.0,0.0,4.0,1.0,1.0,4.0,0.0,2.0,4.0,-14.0,0 days 00:24:33,0.0,0.0,8.0,0.0,0.0,0.0,0.0,4.0,7,1.0,182.0,25.0
Emanuele Pedriali,33.0,0.0,0.0,0.0,1.0,0.0,1.0,0.0,0.0,0.0,0.0,1.0,0.0,1.0,0.0,-1.0,0 days 00:07:40,0.0,0.0,2.0,0.0,,0.0,0.0,0.0,7,1.0,175.0,19.0
Ivan Petix,10.0,0.0,0.0,0.0,2.0,0.0,1.0,1.0,0.0,0.0,0.0,0.0,0.0,1.0,0.0,-7.0,0 days 00:05:58,0.0,0.0,3.0,0.0,,0.0,0.0,1.0,7,4.0,195.0,19.0
Luca Viscardi,14.0,1.0,4.0,2.0,5.0,0.0,0.0,2.0,5.0,2.0,2.0,0.0,0.0,4.0,2.0,0.0,0 days 00:19:02,5.0,2.0,5.0,40.0,25.0,40.0,,7.0,7,5.0,195.0,21.0
Luigi De Bellis,16.0,0.0,0.0,0.0,2.0,5.0,15.0,0.0,1.0,3.0,2.0,0.0,0.0,3.0,0.0,-1.0,0 days 00:28:54,15.0,5.0,17.0,29.411764705882355,,0.0,33.33333333333333,1.0,7,2.0,183.0,40.0
Marco Guerci,4.0,1.0,2.0,0.0,1.0,1.0,2.0,1.0,2.0,2.0,0.0,4.0,0.0,0.0,2.0,-2.0,0 days 00:17:47,4.0,1.0,3.0,33.33333333333333,50.0,0.0,50.0,3.0,7,1.0,180.0,22.0
Niccolò Favretto,24.0,0.0,0.0,0.0,1.0,0.0,0.0,0.0,1.0,4.0,1.0,1.0,0.0,3.0,0.0,-11.0,0 days 00:15:53,0.0,0.0,1.0,0.0,,0.0,,1.0,7,2.0,184.0,23.0
Riccardo Palumbo,,2.0,2.0,2.0,5.0,0.0,0.0,3.0,1.0,1.0,1.0,1.0,0.0,3.0,1.0,-1.0,0 days 00:11:15,6.0,2.0,5.0,40.0,100.0,40.0,,4.0,7,4.0,190.0,30.0
Stefano Zanlucchi,,1.0,3.0,4.0,7.0,0.0,1.0,2.0,11.0,2.0,1.0,1.0,1.0,0.0,3.0,-6.0,0 days 00:26:18,9.0,4.0,8.0,50.0,33.33333333333333,57.14285714285714,0.0,13.0,7,4.0,192.0,34.0
Alessandro Contardi,9.0,4.0,4.0,0.0,2.0,2.0,2.0,0.0,1.0,2.0,1.0,0.0,0.0,1.0,2.0,-8.0,0 days 00:15:07,10.0,2.0,4.0,50.0,100.0,0.0,100.0,1.0,8,3.0,190.0,28.0
Andrea Pasqualini,18.0,1.0,3.0,1.0,4.0,0.0,2.0,0.0,3.0,1.0,0.0,2.0,0.0,1.0,2.0,-5.0,0 days 00:21:44,3.0,1.0,6.0,16.666666666666664,33.33333333333333,25.0,0.0,3.0,8,2.0,183.0,32.0
Carlo Zucca,11.0,0.0,0.0,2.0,7.0,1.0,1.0,0.0,5.0,3.0,3.0,2.0,0.0,1.0,0.0,-29.0,0 days 00:22:45,7.0,3.0,8.0,37.5,,28.57142857142857,100.0,5.0,8,1.0,182.0,25.0
Emanuele Pedriali,33.0,0.0,0.0,0.0,0.0,0.0,0.0,0.0,0.0,0.0,0.0,0.0,0.0,0.0,0.0,0.0,0 days 00:00:00,0.0,0.0,0.0,,,,,0.0,8,1.0,175.0,19.0
Giovanni Calcagno,10.0,0.0,0.0,0.0,0.0,0.0,0.0,0.0,0.0,0.0,0.0,0.0,0.0,0.0,0.0,0.0,0 days 00:00:00,0.0,0.0,0.0,,,,,0.0,8,,,
Ivan Petix,10.0,1.0,3.0,2.0,5.0,0.0,1.0,0.0,4.0,0.0,0.0,0.0,0.0,2.0,2.0,-2.0,0 days 00:12:53,5.0,2.0,6.0,33.33333333333333,33.33333333333333,40.0,0.0,4.0,8,4.0,195.0,19.0
Luca Viscardi,14.0,0.0,0.0,0.0,1.0,0.0,0.0,0.0,0.0,0.0,0.0,0.0,0.0,1.0,0.0,-5.0,0 days 00:02:12,0.0,0.0,1.0,0.0,,0.0,,0.0,8,5.0,195.0,21.0
Luigi De Bellis,16.0,0.0,0.0,0.0,0.0,1.0,7.0,0.0,0.0,0.0,3.0,0.0,0.0,2.0,1.0,-6.0,0 days 00:16:23,3.0,1.0,7.0,14.285714285714285,,,14.285714285714285,0.0,8,2.0,183.0,40.0
Marco Guerci,4.0,0.0,0.0,0.0,2.0,4.0,8.0,3.0,8.0,3.0,1.0,5.0,0.0,1.0,1.0,-26.0,0 days 00:34:47,12.0,4.0,10.0,40.0,,0.0,50.0,11.0,8,1.0,180.0,22.0
Niccolò Favretto,24.0,1.0,6.0,3.0,7.0,0.0,2.0,2.0,0.0,0.0,0.0,5.0,0.0,1.0,6.0,-9.0,0 days 00:24:21,7.0,3.0,9.0,33.33333333333333,16.666666666666664,42.857142857142854,0.0,2.0,8,2.0,184.0,23.0
Riccardo Palumbo,,2.0,6.0,8.0,13.0,0.0,0.0,6.0,3.0,4.0,2.0,0.0,0.0,3.0,5.0,-20.0,0 days 00:25:58,18.0,8.0,13.0,61.53846153846154,33.33333333333333,61.53846153846154,,9.0,8,4.0,190.0,30.0
Stefano Zanlucchi,,1.0,4.0,4.0,9.0,0.0,0.0,4.0,5.0,2.0,0.0,1.0,0.0,1.0,2.0,-15.0,0 days 00:23:50,9.0,4.0,9.0,44.44444444444444,25.0,44.44444444444444,,9.0,8,4.0,192.0,34.0
Alessandro Arisi,21.0,0.0,0.0,0.0,4.0,0.0,0.0,0.0,2.0,3.0,2.0,0.0,0.0,4.0,0.0,-12.0,0 days 00:13:37,0.0,0.0,4.0,0.0,,0.0,,2.0,9,5.0,193.0,25.0
Alessandro Contardi,9.0,0.0,0.0,0.0,1.0,0.0,1.0,0.0,1.0,1.0,0.0,0.0,0.0,2.0,0.0,-7.0,0 days 00:08:08,0.0,0.0,2.0,0.0,,0.0,0.0,1.0,9,3.0,190.0,28.0
Andrea Pasqualini,18.0,0.0,0.0,1.0,1.0,0.0,0.0,0.0,0.0,2.0,0.0,0.0,0.0,2.0,0.0,-19.0,0 days 00:14:06,2.0,1.0,1.0,100.0,,100.0,,0.0,9,2.0,183.0,32.0
Carlo Zucca,11.0,0.0,0.0,2.0,8.0,0.0,0.0,0.0,1.0,2.0,1.0,2.0,0.0,0.0,1.0,1.0,0 days 00:21:27,4.0,2.0,8.0,25.0,,25.0,,1.0,9,1.0,182.0,25.0
Emanuele Pedriali,33.0,0.0,0.0,0.0,1.0,0.0,0.0,0.0,0.0,4.0,2.0,0.0,0.0,2.0,1.0,-1.0,0 days 00:07:27,0.0,0.0,1.0,0.0,,0.0,,0.0,9,1.0,175.0,19.0
Giovanni Valentini,6.0,1.0,2.0,2.0,5.0,0.0,1.0,2.0,2.0,0.0,2.0,1.0,0.0,3.0,1.0,10.0,0 days 00:17:04,5.0,2.0,6.0,33.33333333333333,50.0,40.0,0.0,4.0,9,3.0,187.0,26.0
Ivan Petix,10.0,1.0,5.0,4.0,8.0,0.0,1.0,5.0,0.0,1.0,1.0,1.0,0.0,1.0,5.0,-7.0,0 days 00:20:11,9.0,4.0,9.0,44.44444444444444,20.0,50.0,0.0,5.0,9,4.0,195.0,19.0
Luigi De Bellis,16.0,0.0,0.0,0.0,0.0,1.0,3.0,0.0,3.0,0.0,1.0,0.0,0.0,0.0,0.0,-5.0,0 days 00:11:55,3.0,1.0,3.0,33.33333333333333,,,33.33333333333333,3.0,9,2.0,183.0,40.0
Marco Guerci,4.0,0.0,0.0,0.0,4.0,1.0,2.0,1.0,0.0,6.0,1.0,1.0,0.0,2.0,1.0,-21.0,0 days 00:16:38,3.0,1.0,6.0,16.666666666666664,,0.0,50.0,1.0,9,1.0,180.0,22.0
Niccolò Favretto,24.0,2.0,2.0,0.0,3.0,0.0,1.0,0.0,0.0,3.0,1.0,1.0,1.0,1.0,4.0,-1.0,0 days 00:24:21,2.0,0.0,4.0,0.0,100.0,0.0,0.0,0.0,9,2.0,184.0,23.0
Riccardo Palumbo,,1.0,4.0,1.0,7.0,0.0,0.0,1.0,7.0,1.0,0.0,0.0,1.0,3.0,2.0,-9.0,0 days 00:17:07,3.0,1.0,7.0,14.285714285714285,25.0,14.285714285714285,,8.0,9,4.0,190.0,30.0
Stefano Zanlucchi,,2.0,3.0,5.0,12.0,0.0,0.0,1.0,12.0,0.0,3.0,2.0,1.0,0.0,3.0,1.0,0 days 00:27:59,12.0,5.0,12.0,41.66666666666667,66.66666666666666,41.66666666666667,,13.0,9,4.0,192.0,34.0
Alessandro Arisi,21.0,0.0,1.0,4.0,12.0,0.0,0.0,1.0,2.0,0.0,0.0,0.0,0.0,4.0,2.0,2.0,0 days 00:17:04,8.0,4.0,12.0,33.33333333333333,0.0,33.33333333333333,,3.0,10,5.0,193.0,25.0
Alessandro Contardi,9.0,0.0,0.0,1.0,3.0,0.0,2.0,0.0,2.0,0.0,0.0,0.0,0.0,0.0,0.0,-6.0,0 days 00:10:11,2.0,1.0,5.0,20.0,,33.33333333333333,0.0,2.0,10,3.0,190.0,28.0
Andrea Pasqualini,18.0,0.0,0.0,1.0,6.0,0.0,0.0,4.0,1.0,1.0,1.0,3.0,0.0,1.0,0.0,0.0,0 days 00:18:45,2.0,1.0,6.0,16.666666666666664,,16.666666666666664,,5.0,10,2.0,183.0,32.0
Emanuele Pedriali,33.0,0.0,0.0,1.0,1.0,0.0,0.0,0.0,0.0,0.0,0.0,2.0,0.0,0.0,1.0,9.0,0 days 00:14:15,2.0,1.0,1.0,100.0,,100.0,,0.0,10,1.0,175.0,19.0
Giovanni Valentini,6.0,0.0,0.0,1.0,2.0,0.0,1.0,1.0,0.0,0.0,0.0,0.0,0.0,1.0,0.0,-7.0,0 days 00:08:01,2.0,1.0,3.0,33.33333333333333,,50.0,0.0,1.0,10,3.0,187.0,26.0
Ivan Petix,10.0,2.0,4.0,7.0,9.0,0.0,1.0,1.0,2.0,1.0,1.0,0.0,0.0,3.0,3.0,11.0,0 days 00:18:58,16.0,7.0,10.0,70.0,50.0,77.77777777777779,0.0,3.0,10,4.0,195.0,19.0
Luca Viscardi,14.0,0.0,0.0,5.0,8.0,0.0,0.0,1.0,1.0,0.0,0.0,0.0,0.0,3.0,0.0,-6.0,0 days 00:13:49,10.0,5.0,8.0,62.5,,62.5,,2.0,10,5.0,195.0,21.0
Luigi De Bellis,16.0,3.0,4.0,0.0,1.0,3.0,7.0,0.0,1.0,0.0,0.0,0.0,0.0,2.0,2.0,7.0,0 days 00:17:51,12.0,3.0,8.0,37.5,75.0,0.0,42.857142857142854,1.0,10,2.0,183.0,40.0
Marco Guerci,4.0,4.0,4.0,0.0,1.0,1.0,5.0,3.0,5.0,3.0,3.0,3.0,0.0,0.0,3.0,-5.0,0 days 00:25:45,7.0,1.0,6.0,16.666666666666664,100.0,0.0,20.0,8.0,10,1.0,180.0,22.0
Niccolò Favretto,24.0,4.0,6.0,3.0,9.0,0.0,1.0,1.0,2.0,2.0,3.0,6.0,1.0,2.0,3.0,5.0,0 days 00:29:10,10.0,3.0,10.0,30.0,66.66666666666666,33.33333333333333,0.0,3.0,10,2.0,184.0,23.0
Riccardo Palumbo,,2.0,2.0,3.0,9.0,0.0,0.0,6.0,3.0,4.0,6.0,1.0,0.0,4.0,4.0,10.0,0 days 00:26:11,8.0,3.0,9.0,33.33333333333333,100.0,33.33333333333333,,9.0,10,4.0,190.0,30.0
Alessandro Arisi,21.0,0.0,0.0,5.0,8.0,0.0,0.0,0.0,2.0,0.0,0.0,1.0,0.0,5.0,0.0,-12.0,0 days 00:13:19,10.0,5.0,8.0,62.5,,62.5,,2.0,11,5.0,193.0,25.0
Alessandro Contardi,9.0,0.0,0.0,1.0,2.0,0.0,0.0,0.0,0.0,1.0,0.0,0.0,0.0,0.0,0.0,-9.0,0 days 00:05:07,2.0,1.0,2.0,50.0,,50.0,,0.0,11,3.0,190.0,28.0
Andrea Pasqualini,18.0,0.0,0.0,2.0,3.0,1.0,2.0,0.0,0.0,1.0,0.0,0.0,0.0,2.0,0.0,-8.0,0 days 00:12:03,7.0,3.0,5.0,60.0,,66.66666666666666,50.0,0.0,11,2.0,183.0,32.0
Emanuele Pedriali,33.0,0.0,0.0,0.0,0.0,0.0,0.0,0.0,1.0,0.0,1.0,2.0,0.0,1.0,0.0,5.0,0 days 00:04:13,0.0,0.0,0.0,,,,,1.0,11,1.0,175.0,19.0
Giovanni Valentini,6.0,1.0,2.0,4.0,9.0,2.0,3.0,2.0,5.0,2.0,2.0,5.0,0.0,1.0,2.0,0.0,0 days 00:28:05,15.0,6.0,12.0,50.0,50.0,44.44444444444444,66.66666666666666,7.0,11,3.0,187.0,26.0
Ivan Petix,10.0,0.0,0.0,1.0,3.0,0.0,0.0,0.0,2.0,1.0,1.0,0.0,0.0,0.0,2.0,-2.0,0 days 00:09:17,2.0,1.0,3.0,33.33333333333333,,33.33333333333333,,2.0,11,4.0,195.0,19.0
Luca Viscardi,14.0,1.0,3.0,3.0,5.0,0.0,0.0,1.0,5.0,1.0,0.0,1.0,0.0,3.0,2.0,1.0,0 days 00:17:55,7.0,3.0,5.0,60.0,33.33333333333333,60.0,,6.0,11,5.0,195.0,21.0
Luigi De Bellis,16.0,1.0,1.0,0.0,0.0,1.0,5.0,0.0,0.0,0.0,2.0,1.0,0.0,1.0,0.0,-4.0,0 days 00:12:07,4.0,1.0,5.0,20.0,100.0,,20.0,0.0,11,2.0,183.0,40.0
Marco Guerci,4.0,0.0,0.0,1.0,3.0,3.0,6.0,1.0,2.0,3.0,4.0,4.0,0.0,2.0,3.0,-14.0,0 days 00:30:06,11.0,4.0,9.0,44.44444444444444,,33.33333333333333,50.0,3.0,11,1.0,180.0,22.0
Niccolò Favretto,24.0,3.0,3.0,2.0,9.0,1.0,1.0,1.0,0.0,0.0,1.0,3.0,0.0,2.0,3.0,2.0,0 days 00:28:38,10.0,3.0,10.0,30.0,100.0,22.22222222222222,100.0,1.0,11,2.0,184.0,23.0
Riccardo Palumbo,,2.0,2.0,2.0,6.0,0.0,0.0,2.0,3.0,1.0,1.0,1.0,0.0,0.0,2.0,0.0,0 days 00:16:54,6.0,2.0,6.0,33.33333333333333,100.0,33.33333333333333,,5.0,11,4.0,190.0,30.0
Stefano Zanlucchi,,0.0,0.0,0.0,4.0,1.0,1.0,2.0,3.0,2.0,2.0,3.0,1.0,3.0,0.0,1.0,0 days 00:22:16,3.0,1.0,5.0,20.0,,0.0,100.0,5.0,11,4.0,192.0,34.0
